iter	RMSE
0	1064.094041
1	1024.127578
2	990.1696733
3	961.207549
4	923.3717205
